{
    "KNN": {
        "parameters": null,
        "1, 0.1, True": {
            "accuracy": 0.9833333333333333
        },
        "2, 0.1, True": {
            "accuracy": 0.9722222222222222
        },
        "3, 0.1, True": {
            "accuracy": 0.9722222222222222
        },
        "4, 0.1, True": {
            "accuracy": 0.9611111111111111
        },
        "5, 0.1, True": {
            "accuracy": 0.9666666666666667
        },
        "1, 0.1, False": {
            "accuracy": 0.9944444444444445
        },
        "2, 0.1, False": {
            "accuracy": 0.9777777777777777
        },
        "3, 0.1, False": {
            "accuracy": 0.9944444444444445
        },
        "4, 0.1, False": {
            "accuracy": 0.9888888888888889
        },
        "5, 0.1, False": {
            "accuracy": 0.9944444444444445
        },
        "1, 0.2, True": {
            "accuracy": 0.975
        },
        "2, 0.2, True": {
            "accuracy": 0.9555555555555556
        },
        "3, 0.2, True": {
            "accuracy": 0.9666666666666667
        },
        "4, 0.2, True": {
            "accuracy": 0.9583333333333334
        },
        "5, 0.2, True": {
            "accuracy": 0.9694444444444444
        },
        "1, 0.2, False": {
            "accuracy": 0.9805555555555555
        },
        "2, 0.2, False": {
            "accuracy": 0.9777777777777777
        },
        "3, 0.2, False": {
            "accuracy": 0.9722222222222222
        },
        "4, 0.2, False": {
            "accuracy": 0.9722222222222222
        },
        "5, 0.2, False": {
            "accuracy": 0.975
        },
        "1, 0.3, True": {
            "accuracy": 0.9740740740740741
        },
        "2, 0.3, True": {
            "accuracy": 0.9629629629629629
        },
        "3, 0.3, True": {
            "accuracy": 0.9685185185185186
        },
        "4, 0.3, True": {
            "accuracy": 0.9740740740740741
        },
        "5, 0.3, True": {
            "accuracy": 0.9740740740740741
        },
        "1, 0.3, False": {
            "accuracy": 0.975925925925926
        },
        "2, 0.3, False": {
            "accuracy": 0.9629629629629629
        },
        "3, 0.3, False": {
            "accuracy": 0.9814814814814815
        },
        "4, 0.3, False": {
            "accuracy": 0.9666666666666667
        },
        "5, 0.3, False": {
            "accuracy": 0.975925925925926
        }
    }
}